,dtype,missing_nan,missing_oulad_unknown,total_missing,missing_percentage,unique_values
final_result,object,0,0,0,0.0,4
asm_submission_count,int64,0,0,0,0.0,13
module_presentation_length,int64,0,0,0,0.0,7
asm_mean_score,float64,7064,0,7064,25.739688092114854,370
asm_average_delay,float64,7058,0,7058,25.717825389884858,356
registration_day,object,7,0,7,0.0255064859349949,316
vle_active_days,int64,0,0,0,0.0,55
highest_education,object,0,0,0,0.0,5
missing_socioeconomic_information,int64,0,0,0,0.0,2
vle_clicks_last_14_days,int64,0,0,0,0.0,993
asm_failed_count,int64,0,0,0,0.0,5
assessment_submission_before_registration,int64,0,0,0,0.0,2
imd_band,object,0,1027,1027,3.7421658650342513,11
gender,object,0,0,0,0.0,2
code_presentation,object,0,0,0,0.0,4
region,object,0,0,0,0.0,13
vle_activity_type_diversity,int64,0,0,0,0.0,15
missing_registration,int64,0,0,0,0.0,2
asm_score_std,float64,24206,0,24206,88.20142836321236,558
vle_quiz_clicks,int64,0,0,0,0.0,657
disability,object,0,0,0,0.0,2
vle_total_clicks,int64,0,0,0,0.0,1954
vle_resource_clicks,int64,0,0,0,0.0,183
vle_days_since_last_activity,float64,900,0,900,3.279405334499344,50
code_module,object,0,0,0,0.0,7
age_band,object,0,0,0,0.0,3
studied_credits,int64,0,0,0,0.0,51
is_withdrawn,int64,0,0,0,0.0,2
vle_forum_clicks,int64,0,0,0,0.0,988
no_vle_activity_by_day28,int64,0,0,0,0.0,2
num_of_prev_attempts,int64,0,0,0,0.0,7
id_student,int64,0,0,0,0.0,24762
vle_clicks_last_7_days,int64,0,0,0,0.0,611
