,count,mean,std,min,25%,50%,75%,95%,max,missing
num_of_prev_attempts,27444.0,0.16010785599766797,0.47325766694832777,0.0,0.0,0.0,0.0,1.0,6.0,0
studied_credits,27444.0,76.29500072875675,38.23382592057738,30.0,60.0,60.0,90.0,150.0,630.0,0
module_presentation_length,27444.0,255.91608366127386,13.179837360155027,234.0,241.0,262.0,268.0,269.0,269.0,0
asm_submission_count,27444.0,0.9143346450954671,0.7945630379392923,0.0,0.0,1.0,1.0,2.0,12.0,0
asm_mean_score,20380.0,73.11949705947744,21.554188336428606,0.0,65.0,78.0,88.0,100.0,100.0,7064
asm_score_std,3238.0,8.289461068767299,6.777389170854201,0.0,3.5355339059327378,6.658328118479394,11.313708498984761,21.636772679022496,56.568542494923804,24206
asm_failed_count,27444.0,0.05341786911528932,0.22983792358416258,0.0,0.0,0.0,0.0,1.0,4.0,0
asm_average_delay,20386.0,-13.169225224806262,36.247224699502574,-239.0,-4.0,-1.0,0.0,3.0,16.0,7058
vle_total_clicks,27444.0,357.4277073312928,431.11356002226876,0.0,90.0,225.0,471.0,1132.0,7697.0,0
vle_active_days,27444.0,14.675666812418015,10.354560655444656,0.0,7.0,13.0,21.0,35.0,54.0,0
vle_days_since_last_activity,26544.0,3.960330018083183,6.032298340766396,0.0,0.0,2.0,5.0,17.0,52.0,900
vle_clicks_last_7_days,27444.0,58.68550502842151,92.5393210916689,0.0,2.0,25.0,77.0,230.0,2306.0,0
vle_clicks_last_14_days,27444.0,139.61875091094592,177.42665644152225,0.0,24.0,83.0,191.0,468.0,3209.0,0
vle_forum_clicks,27444.0,93.86037020842443,184.90690956708318,0.0,5.0,36.0,109.0,351.0,4163.0,0
vle_resource_clicks,27444.0,13.55268911237429,24.65454268347803,0.0,3.0,9.0,17.0,44.0,2067.0,0
vle_quiz_clicks,27444.0,48.07837778749453,105.90770382967101,0.0,0.0,0.0,74.0,211.0,3661.0,0
vle_activity_type_diversity,27444.0,6.910362920857018,2.5167694886238134,0.0,6.0,7.0,9.0,11.0,14.0,0
