,num_of_prev_attempts,studied_credits,module_presentation_length,asm_submission_count,asm_mean_score,asm_score_std,asm_failed_count,asm_average_delay,vle_total_clicks,vle_active_days,vle_days_since_last_activity,vle_clicks_last_7_days,vle_clicks_last_14_days,vle_forum_clicks,vle_resource_clicks,vle_quiz_clicks,vle_activity_type_diversity
num_of_prev_attempts,1.0,0.19632790352433246,-0.06643083905745556,0.16603689362495863,-0.02690058610458824,0.14625668460177635,0.023544661760113043,-0.08857389815846904,-0.07420831202806341,-0.08573612794063035,0.05685118064343025,-0.04343426701667553,-0.0676389915692334,-0.035500939954204856,-0.050800542291445,-0.07286315417475264,-0.08376876653448162
studied_credits,0.19632790352433246,1.0,-0.04534345274000472,0.18819156174164373,0.016394274057679417,0.03804283104885669,0.009481469827750211,-0.04687700043033961,0.04742355586224378,0.0976362174125936,-0.07604896358831074,0.04072616657473485,0.0412724542513674,0.03022921206209931,-0.004799896693362694,0.00702347103818533,0.1370063254896822
module_presentation_length,-0.06643083905745556,-0.04534345274000472,1.0,-0.06148910800196006,0.04740643250841883,-0.04236970704974489,-0.00033656069001027376,-0.06396209360126176,0.03615105977849338,0.013483194092142466,-0.008784871290038755,-0.007972625195069898,0.0262243054325532,-0.009075398422709763,-0.019974433971761983,0.06644336471957495,0.0011969289975548422
asm_submission_count,0.16603689362495863,0.18819156174164373,-0.06148910800196006,1.0,0.09951146981621017,0.15573049402020972,0.09768926315593689,-0.6919391944144443,0.27743327442894256,0.287361917086821,-0.19438238348869172,0.24961501998988533,0.25686954265824524,0.17398406419909127,0.09552204563008737,0.2005320452097594,0.3124031770318247
asm_mean_score,-0.02690058610458824,0.016394274057679417,0.04740643250841883,0.09951146981621017,1.0,-0.38572229116378337,-0.726887021724801,-0.15100021953868095,0.21854026702194898,0.2250375285843232,-0.1236019075658974,0.17418338058705365,0.19020297283161433,0.15245915358795664,0.06589264898522634,0.1437020537896934,0.22606136607503563
asm_score_std,0.14625668460177635,0.03804283104885669,-0.04236970704974489,0.15573049402020972,-0.38572229116378337,1.0,0.3332850693863245,0.0792147691017404,-0.14540253603058934,-0.17108019279655573,0.1199323870553933,-0.13394445211936354,-0.14056528805941734,-0.10889047020661081,-0.09330893958613602,-0.11171869151447825,-0.19558776927814117
asm_failed_count,0.023544661760113043,0.009481469827750211,-0.00033656069001027376,0.09768926315593689,-0.726887021724801,0.3332850693863245,1.0,0.05531240391014519,-0.0727303197531313,-0.07524832240435503,0.00797320990502513,-0.06485151875597861,-0.06506348343826575,-0.06516417585086995,-0.0004516979489272721,-0.03971951372633985,-0.06561466831202505
asm_average_delay,-0.08857389815846904,-0.04687700043033961,-0.06396209360126176,-0.6919391944144443,-0.15100021953868095,0.0792147691017404,0.05531240391014519,1.0,-0.3358584471446318,-0.18934547734166218,0.02338517422019408,-0.2702340939657232,-0.3014581783867397,-0.1754891024917004,-0.015149196231569758,-0.30945029207130376,-0.25805184640933904
vle_total_clicks,-0.07420831202806341,0.04742355586224378,0.03615105977849338,0.27743327442894256,0.21854026702194898,-0.14540253603058934,-0.0727303197531313,-0.3358584471446318,1.0,0.7695011845741869,-0.34191889869286723,0.7676221302303111,0.8648299373766283,0.8142353595739142,0.3264022661716969,0.509700751481909,0.5754785136717053
vle_active_days,-0.08573612794063035,0.0976362174125936,0.013483194092142466,0.287361917086821,0.2250375285843232,-0.17108019279655573,-0.07524832240435503,-0.18934547734166218,0.7695011845741869,1.0,-0.507284765485159,0.5787025739297539,0.6428480198034214,0.588042362268858,0.32488145499972737,0.3201202864316794,0.684423360801864
vle_days_since_last_activity,0.05685118064343025,-0.07604896358831074,-0.008784871290038755,-0.19438238348869172,-0.1236019075658974,0.1199323870553933,0.00797320990502513,0.02338517422019408,-0.34191889869286723,-0.507284765485159,1.0,-0.3357891327412228,-0.3547541631042489,-0.23200171665703054,-0.15459767678791975,-0.17178783766139386,-0.49914385671873385
vle_clicks_last_7_days,-0.04343426701667553,0.04072616657473485,-0.007972625195069898,0.24961501998988533,0.17418338058705365,-0.13394445211936354,-0.06485151875597861,-0.2702340939657232,0.7676221302303111,0.5787025739297539,-0.3357891327412228,1.0,0.8698213800599521,0.6279943691722378,0.2869101803543101,0.3539673391400748,0.4888575193084328
vle_clicks_last_14_days,-0.0676389915692334,0.0412724542513674,0.0262243054325532,0.25686954265824524,0.19020297283161433,-0.14056528805941734,-0.06506348343826575,-0.3014581783867397,0.8648299373766283,0.6428480198034214,-0.3547541631042489,0.8698213800599521,1.0,0.6854309465959306,0.26347225055241164,0.46309880701808603,0.5482202825819753
vle_forum_clicks,-0.035500939954204856,0.03022921206209931,-0.009075398422709763,0.17398406419909127,0.15245915358795664,-0.10889047020661081,-0.06516417585086995,-0.1754891024917004,0.8142353595739142,0.588042362268858,-0.23200171665703054,0.6279943691722378,0.6854309465959306,1.0,0.18251028630533853,0.18110492716312723,0.3572384506129352
vle_resource_clicks,-0.050800542291445,-0.004799896693362694,-0.019974433971761983,0.09552204563008737,0.06589264898522634,-0.09330893958613602,-0.0004516979489272721,-0.015149196231569758,0.3264022661716969,0.32488145499972737,-0.15459767678791975,0.2869101803543101,0.26347225055241164,0.18251028630533853,1.0,0.12988737245180176,0.23443090988098142
vle_quiz_clicks,-0.07286315417475264,0.00702347103818533,0.06644336471957495,0.2005320452097594,0.1437020537896934,-0.11171869151447825,-0.03971951372633985,-0.30945029207130376,0.509700751481909,0.3201202864316794,-0.17178783766139386,0.3539673391400748,0.46309880701808603,0.18110492716312723,0.12988737245180176,1.0,0.2535767606303127
vle_activity_type_diversity,-0.08376876653448162,0.1370063254896822,0.0011969289975548422,0.3124031770318247,0.22606136607503563,-0.19558776927814117,-0.06561466831202505,-0.25805184640933904,0.5754785136717053,0.684423360801864,-0.49914385671873385,0.4888575193084328,0.5482202825819753,0.3572384506129352,0.23443090988098142,0.2535767606303127,1.0
