model,split,sensitive_attribute,n_groups,min_group_count,demographic_parity_difference,demographic_parity_ratio,equalized_odds_difference
lr,validation,gender,2,1694,0.017461804543144256,0.4374262101534829,0.031996891996892
lr,validation,disability,2,351,0.011753934356289939,0.6561974200785193,0.006579855519256425
lr,validation,age_band,3,28,0.05055900621118012,0.2921739130434783,0.09879336349924585
lr,validation,region,13,158,0.03521391278218082,0.15235081374321882,0.08576998050682261
lr,validation,imd_band,11,142,0.026489601993924763,0.24606517401906453,0.12590799031476996
rf,validation,gender,2,1694,0.03250550618971671,0.4441558441558442,0.0729137529137529
rf,validation,disability,2,351,0.020053272997748603,0.6800591444450109,0.011401130627014068
rf,validation,age_band,3,28,0.02795031055900621,0.6086956521739131,0.04485920104780615
rf,validation,region,13,158,0.03261145849219663,0.49248417721518994,0.16296296296296298
rf,validation,imd_band,11,142,0.034998052959501556,0.4831056793673616,0.13139362490733875
xgb,validation,gender,2,1694,0.02730310625047467,0.41639610389610393,0.05895881895881895
xgb,validation,disability,2,351,0.033558473266829966,0.4878685166670731,0.06868203500053682
xgb,validation,age_band,3,28,0.040124223602484466,0.4382608695652174,0.23831070889894418
xgb,validation,region,13,158,0.02839079088631755,0.41089108910891087,0.10731132075471697
xgb,validation,imd_band,11,142,0.02565500929986911,0.45044269552385635,0.13689700130378096
lr,test,gender,2,1791,0.012132399293537053,0.5349982234404345,0.029416843261910366
lr,test,disability,2,351,0.0024988999058897614,0.8903607666290867,0.00960331195493569
lr,test,age_band,3,26,0.024881083058909622,0.0,0.06274509803921569
lr,test,region,13,133,0.03435114503816794,0.0,0.125
lr,test,imd_band,11,128,0.023740898058252427,0.24759615384615385,0.08875570776255708
rf,test,gender,2,1791,0.012992963976534582,0.648856819711091,0.04095439918373754
rf,test,disability,2,351,0.00033564915188365185,0.9892897406989853,0.022820591129661685
rf,test,age_band,3,26,0.033662641785583605,0.0,0.10196078431372549
rf,test,region,13,133,0.04644616467276566,0.24137931034482757,0.15034013605442179
rf,test,imd_band,11,128,0.035041666666666665,0.30838815789473684,0.17751141552511415
xgb,test,gender,2,1791,0.012854436636058217,0.6288061311121819,0.03201475551369594
xgb,test,disability,2,351,0.015395696624557954,0.6397406989853439,0.011215175268926666
xgb,test,age_band,3,26,0.031467252103915114,0.0,0.09215686274509804
xgb,test,region,13,133,0.031023201594404543,0.3226600985221675,0.1371794871794872
xgb,test,imd_band,11,128,0.04080952380952381,0.30438311688311687,0.18464611872146117
