sensitive_attribute,group,fairness_decision_selection_rate,fairness_decision_tpr,fairness_decision_fpr,confidence_policy_coverage,confidence_policy_abstention_rate
gender,F,0.07792207792207792,0.2202797202797203,0.049005681818181816,1.0,0.0
gender,M,0.08232118758434548,0.20666666666666667,0.050761421319796954,1.0,0.0
disability,N,0.07739764441951767,0.20221169036334913,0.05046027957722468,1.0,0.0
disability,Y,0.1111111111111111,0.27184466019417475,0.04435483870967742,1.0,0.0
age_band,0-35,0.08652792990142388,0.2220039292730845,0.05560538116591928,1.0,0.0
age_band,35-55,0.06608695652173913,0.18552036199095023,0.03767491926803014,1.0,0.0
age_band,55<=,0.07142857142857142,0.3333333333333333,0.0,1.0,0.0
region,East Anglian Region,0.07088607594936709,0.20967741935483872,0.04504504504504504,1.0,0.0
region,East Midlands Region,0.09236947791164658,0.24561403508771928,0.046875,1.0,0.0
region,Ireland,0.05063291139240506,0.1111111111111111,0.03816793893129771,1.0,0.0
region,London Region,0.0889487870619946,0.20634920634920634,0.06493506493506493,1.0,0.0
region,North Region,0.10043668122270742,0.20833333333333334,0.0718232044198895,1.0,0.0
region,North Western Region,0.09198813056379822,0.21333333333333335,0.05725190839694656,1.0,0.0
region,Scotland,0.0957683741648107,0.24705882352941178,0.06043956043956044,1.0,0.0
region,South East Region,0.07220216606498195,0.17543859649122806,0.045454545454545456,1.0,0.0
region,South Region,0.07894736842105263,0.27692307692307694,0.0380952380952381,1.0,0.0
region,South West Region,0.10357142857142858,0.2830188679245283,0.06167400881057269,1.0,0.0
region,Wales,0.07633587786259542,0.22916666666666666,0.04205607476635514,1.0,0.0
region,West Midlands Region,0.052805280528052806,0.13793103448275862,0.0326530612244898,1.0,0.0
region,Yorkshire Region,0.048458149779735685,0.10526315789473684,0.037037037037037035,1.0,0.0
imd_band,0-10%,0.0972972972972973,0.21428571428571427,0.06293706293706294,1.0,0.0
imd_band,10-20,0.08759124087591241,0.21428571428571427,0.05504587155963303,1.0,0.0
imd_band,20-30%,0.08845208845208845,0.24489795918367346,0.038834951456310676,1.0,0.0
imd_band,30-40%,0.08177570093457943,0.13157894736842105,0.07102272727272728,1.0,0.0
imd_band,40-50%,0.0916030534351145,0.2602739726027397,0.053125,1.0,0.0
imd_band,50-60%,0.06199460916442048,0.15254237288135594,0.04487179487179487,1.0,0.0
imd_band,60-70%,0.06172839506172839,0.19696969696969696,0.027131782945736434,1.0,0.0
imd_band,70-80%,0.0859375,0.22535211267605634,0.054313099041533544,1.0,0.0
imd_band,80-90%,0.069164265129683,0.21153846153846154,0.04406779661016949,1.0,0.0
imd_band,90-100%,0.07058823529411765,0.2692307692307692,0.034722222222222224,1.0,0.0
imd_band,?,0.08450704225352113,0.19047619047619047,0.06611570247933884,1.0,0.0
