risk_threshold,alert_rate,alert_count,precision,recall,f1,fpr
0.05,0.946642838907327,3708,0.19606256742179073,0.9877717391304348,0.32718271827182716,0.9371266897202137
0.1,0.6918560122542763,2710,0.23800738007380073,0.876358695652174,0.3743470690655833,0.6491669286387929
0.15000000000000002,0.4623436303293337,1811,0.29265599116510216,0.720108695652174,0.4161758932076953,0.4027035523420308
0.2,0.31146285422517234,1220,0.3434426229508197,0.5692934782608695,0.4284253578732106,0.25180760767054383
0.25,0.2154710237426602,844,0.3815165876777251,0.4375,0.40759493670886077,0.16409933983024205
0.3,0.15598672453408222,611,0.43044189852700493,0.35733695652173914,0.3904974016332591,0.10939955988682804
0.35000000000000003,0.11182027061526678,438,0.4703196347031963,0.2798913043478261,0.35093696763202725,0.07293303992455202
0.4,0.07888690324227725,309,0.517799352750809,0.21739130434782608,0.3062200956937799,0.04684061615844074
0.45,0.05642073015062548,221,0.5384615384615384,0.16168478260869565,0.24869383490073146,0.03206538824269098
0.5,0.035996936430942046,141,0.5957446808510638,0.11413043478260869,0.19156214367160776,0.017918893429739076
0.55,0.024253255042124073,95,0.6210526315789474,0.08016304347826086,0.14199759326113118,0.011317195850361521
0.6000000000000001,0.01404135818228236,55,0.6,0.04483695652173913,0.08343868520859671,0.0069160641307764855
0.6500000000000001,0.00791422006637733,31,0.6774193548387096,0.028532608695652172,0.054758800521512385,0.0031436655139893115
0.7000000000000001,0.0030635690579525147,12,0.5833333333333334,0.009510869565217392,0.01871657754010695,0.0015718327569946558
0.7500000000000001,0.0017870819504723003,7,0.8571428571428571,0.008152173913043478,0.016150740242261104,0.00031436655139893113
0.8,0.0010211896859841716,4,0.75,0.004076086956521739,0.008108108108108109,0.00031436655139893113
0.8500000000000001,0.0,0,0.0,0.0,0.0,0.0
0.9000000000000001,0.0,0,0.0,0.0,0.0,0.0
0.9500000000000001,0.0,0,0.0,0.0,0.0,0.0
