coverage,abstention_rate,selective_accuracy,selective_precision,selective_recall,selective_f1,selective_fpr,risk_probability_mean,number_automatically_handled,number_routed_to_human_review,confidence_threshold
1.0,0.0,0.8189941281593056,0.5957446808510638,0.11413043478260869,0.19156214367160776,0.017918893429739076,0.18124528229236603,3917,0,0.5
0.9908092928261425,0.009190707173857504,0.820922442669415,0.6,0.10818307905686546,0.18331374853113983,0.016455696202531647,0.17830625176429749,3881,36,0.51
0.9851927495532296,0.014807250446770448,0.8222337393107022,0.6050420168067226,0.10126582278481013,0.17349397590361446,0.014930114358322744,0.17647121846675873,3859,58,0.52
0.9793209088588205,0.020679091141179495,0.8232533889468197,0.6055045871559633,0.09415121255349501,0.16296296296296298,0.013716108452950558,0.17455364763736725,3836,81,0.53
0.9724278784784274,0.027572121521572623,0.8262011026516146,0.6237623762376238,0.09170305676855896,0.1598984771573604,0.012171684817424727,0.17233771085739136,3809,108,0.54
0.9678325248914986,0.032167475108501375,0.8277499340543393,0.6210526315789474,0.08727810650887574,0.15304798962386512,0.011556982343499198,0.17085152864456177,3791,126,0.55
0.9606841970896094,0.03931580291039061,0.8299229338293914,0.6352941176470588,0.08144796380090498,0.1443850267379679,0.01,0.1685158908367157,3763,154,0.56
0.9563441409241766,0.04365585907582337,0.8302189001601709,0.620253164556962,0.07480916030534351,0.1335149863760218,0.009705596894208994,0.16709764301776886,3746,171,0.5700000000000001
0.9499617053867756,0.0500382946132244,0.8317656543939801,0.6197183098591549,0.06842923794712286,0.12324929971988796,0.008771929824561403,0.16503535211086273,3721,196,0.5800000000000001
0.9430686750063825,0.05693132499361753,0.8332430969139144,0.6153846153846154,0.06339144215530904,0.11494252873563218,0.008161932745674175,0.16293485462665558,3694,223,0.5900000000000001
0.9351544549400052,0.06484554505999485,0.8367458367458367,0.6,0.054187192118226604,0.09939759036144578,0.007203667321545514,0.1603737622499466,3663,254,0.6000000000000001
0.9264743426091396,0.07352565739086037,0.8387985670983742,0.6153846153846154,0.05360134003350084,0.09861325115562404,0.006596306068601583,0.1580032855272293,3629,288,0.6100000000000001
0.9190707173857544,0.08092928261424559,0.84,0.625,0.05102040816326531,0.09433962264150944,0.00597609561752988,0.15591877698898315,3600,317,0.6200000000000001
0.9119223895838652,0.08807761041613482,0.8421052631578947,0.6511627906976745,0.04852686308492201,0.09032258064516129,0.005008347245409015,0.15384851396083832,3572,345,0.6300000000000001
0.9055399540464641,0.09446004595353585,0.8429658866647871,0.631578947368421,0.042328042328042326,0.07933884297520662,0.004697986577181208,0.15198251605033875,3547,370,0.6400000000000001
0.8960939494511105,0.10390605054888946,0.8461538461538461,0.6774193548387096,0.038112522686025406,0.07216494845360824,0.0033795201081446434,0.14927008748054504,3510,407,0.6500000000000001
0.8874138371202451,0.11258616287975487,0.8481012658227848,0.6923076923076923,0.03345724907063197,0.06382978723404255,0.002722940776038121,0.14689753949642181,3476,441,0.6600000000000001
0.8779678325248915,0.12203216747510848,0.8502471648735097,0.6363636363636364,0.026871401151631478,0.05156537753222836,0.0027416038382453737,0.1444924771785736,3439,478,0.6700000000000002
0.8675006382435537,0.13249936175644628,0.8534432018834609,0.6666666666666666,0.023809523809523808,0.04597701149425287,0.002073255010366275,0.1419055163860321,3398,519,0.6800000000000002
0.8567781465407199,0.14322185345928007,0.8551847437425506,0.6875,0.022357723577235773,0.04330708661417323,0.0017458100558659217,0.13952049612998962,3356,561,0.6900000000000002
0.8470768445238703,0.15292315547612967,0.8559373116335142,0.5833333333333334,0.014583333333333334,0.028455284552845527,0.0017618040873854828,0.13716018199920654,3318,599,0.7000000000000002
0.8360990553995404,0.16390094460045956,0.859236641221374,0.6363636363636364,0.015086206896551725,0.029473684210526315,0.001422981145499822,0.13496053218841553,3275,642,0.7100000000000002
0.8251212662752107,0.17487873372478935,0.8604579207920792,0.6666666666666666,0.013215859030837005,0.02591792656587473,0.0010799136069114472,0.1326928287744522,3232,685,0.7200000000000002
0.8126116926219045,0.18738830737809553,0.8623939679547596,0.75,0.013574660633484163,0.02666666666666667,0.0007296607077708865,0.13034914433956146,3183,734,0.7300000000000002
0.797804442175134,0.20219555782486598,0.86464,0.8571428571428571,0.014018691588785047,0.027586206896551724,0.0003707823507601038,0.127698615193367,3125,792,0.7400000000000002
0.7863160582078121,0.21368394179218786,0.8652597402597403,0.8571428571428571,0.014285714285714285,0.02810304449648712,0.00037593984962406017,0.12584087252616882,3080,837,0.7500000000000002
0.7684452387030891,0.23155476129691088,0.8694352159468438,0.8333333333333334,0.012594458438287154,0.02481389578163772,0.0003827018752391887,0.12290269136428833,3010,907,0.7600000000000002
0.7505744191983661,0.2494255808016339,0.8724489795918368,0.8333333333333334,0.013192612137203167,0.025974025974025976,0.0003904724716907458,0.12023020535707474,2940,977,0.7700000000000002
0.7314271125861629,0.2685728874138371,0.8757417102966841,0.8,0.011142061281337047,0.02197802197802198,0.0003990422984836393,0.11730857938528061,2865,1052,0.7800000000000002
0.7104927240234874,0.2895072759765126,0.8810636004311894,0.8,0.011976047904191617,0.02359882005899705,0.0004083299305839118,0.11442462354898453,2783,1134,0.7900000000000003
0.6895583354608118,0.3104416645391882,0.8822658274713069,0.75,0.009375,0.018518518518518517,0.00041999160016799666,0.11144886165857315,2701,1216,0.8000000000000003
0.6632627010467195,0.33673729895328053,0.8845265588914549,0.0,0.0,0.0,0.00043497172683775554,0.1074528768658638,2598,1319,0.8100000000000003
0.6362011743681388,0.36379882563186117,0.8908507223113965,0.0,0.0,0.0,0.00045024763619990995,0.10416571795940399,2492,1425,0.8200000000000003
0.6047995915241257,0.39520040847587434,0.8953144786829886,0.0,0.0,0.0,0.0,0.10021620243787766,2369,1548,0.8300000000000003
0.5693132499361756,0.4306867500638244,0.899103139013453,0.0,0.0,0.0,0.0,0.0961841493844986,2230,1687,0.8400000000000003
0.5376563696706663,0.4623436303293337,0.9021842355175689,0.0,0.0,0.0,0.0,0.09271452575922012,2106,1811,0.8500000000000003
0.500127648710748,0.499872351289252,0.9040326697294538,0.0,0.0,0.0,0.0,0.08878793567419052,1959,1958,0.8600000000000003
0.45621649221342864,0.5437835077865714,0.9093452714045887,0.0,0.0,0.0,0.0,0.08434819430112839,1787,2130,0.8700000000000003
0.40617819760020424,0.5938218023997958,0.9164047768698932,0.0,0.0,0.0,0.0,0.07938572019338608,1591,2326,0.8800000000000003
0.3602246617309165,0.6397753382690835,0.920623671155209,0.0,0.0,0.0,0.0,0.07487177103757858,1411,2506,0.8900000000000003
0.30814398774572377,0.6918560122542763,0.9246064623032312,0.0,0.0,0.0,0.0,0.06971815228462219,1207,2710,0.9000000000000004
0.2512126627521062,0.7487873372478938,0.9308943089430894,0.0,0.0,0.0,0.0,0.06403413414955139,984,2933,0.9100000000000004
0.1958131222874649,0.8041868777125352,0.9361147327249022,0.0,0.0,0.0,0.0,0.058087240904569626,767,3150,0.9200000000000004
0.14475363798825633,0.8552463620117436,0.9453262786596119,0.0,0.0,0.0,0.0,0.05198726803064346,567,3350,0.9300000000000004
0.09650242532550421,0.9034975746744958,0.9470899470899471,0.0,0.0,0.0,0.0,0.045458968728780746,378,3539,0.9400000000000004
0.05335716109267297,0.946642838907327,0.9569377990430622,0.0,0.0,0.0,0.0,0.037493303418159485,209,3708,0.9500000000000004
0.02629563441409242,0.9737043655859076,0.9611650485436893,0.0,0.0,0.0,0.0,0.029523152858018875,103,3814,0.9600000000000004
0.012764871074802144,0.9872351289251978,0.96,0.0,0.0,0.0,0.0,0.023364007472991943,50,3867,0.9700000000000004
0.002808271636456472,0.9971917283635435,1.0,0.0,0.0,0.0,0.0,0.015225470997393131,11,3906,0.9800000000000004
0.0,1.0,,,,,,,0,3917,0.9900000000000004
