group,coverage,abstention_rate,automatic_alert_rate,selective_recall,selective_fpr,sensitive_attribute
F,0.9982290436835891,0.0017709563164108877,0.0029568302779420462,0.014134275618374558,0.0007102272727272727,gender
M,0.9941520467836257,0.005847953216374324,0.009502262443438913,0.03160270880361174,0.003961516694963215,gender
N,0.9960740325294447,0.003925967470555292,0.0059121621621621625,0.022435897435897436,0.0023907103825136613,disability
Y,0.9943019943019943,0.005698005698005715,0.014326647564469915,0.0392156862745098,0.004048582995951417,disability
0-35,0.9963490324936108,0.003650967506389158,0.007328691828508612,0.027888446215139442,0.002694207453973956,age_band
35-55,0.9947826086956522,0.00521739130434784,0.005244755244755245,0.01834862385321101,0.0021598272138228943,age_band
55<=,1.0,0.0,0.0,0.0,0.0,age_band
East Anglian Region,1.0,0.0,0.002531645569620253,0.016129032258064516,0.0,region
East Midlands Region,0.9919678714859438,0.008032128514056214,0.004048582995951417,0.01818181818181818,0.0,region
Ireland,1.0,0.0,0.0,0.0,0.0,region
London Region,0.9973045822102425,0.0026954177897574594,0.008108108108108109,0.031746031746031744,0.003257328990228013,region
North Region,0.9868995633187773,0.013100436681222738,0.004424778761061947,0.0,0.005555555555555556,region
North Western Region,0.9940652818991098,0.005934718100890191,0.0029850746268656717,0.013513513513513514,0.0,region
Scotland,0.9977728285077951,0.00222717149220486,0.013392857142857142,0.047058823529411764,0.005509641873278237,region
South East Region,0.9927797833935018,0.0072202166064981865,0.01090909090909091,0.03636363636363636,0.004545454545454545,region
South Region,1.0,0.0,0.005263157894736842,0.03076923076923077,0.0,region
South West Region,0.9892857142857143,0.010714285714285676,0.010830324909747292,0.0392156862745098,0.004424778761061947,region
Wales,0.9961832061068703,0.003816793893129722,0.0038314176245210726,0.020833333333333332,0.0,region
West Midlands Region,1.0,0.0,0.006600660066006601,0.017241379310344827,0.004081632653061225,region
Yorkshire Region,0.9955947136563876,0.004405286343612369,0.008849557522123894,0.02702702702702703,0.005291005291005291,region
0-10%,0.9972972972972973,0.002702702702702675,0.016260162601626018,0.05952380952380952,0.0035087719298245615,imd_band
10-20,0.9975669099756691,0.0024330900243308973,0.014634146341463415,0.04819277108433735,0.0061162079510703364,imd_band
20-30%,0.9926289926289926,0.0073710073710073765,0.0049504950495049506,0.010416666666666666,0.003246753246753247,imd_band
30-40%,0.9953271028037384,0.004672897196261627,0.002347417840375587,0.013333333333333334,0.0,imd_band
40-50%,0.9974554707379135,0.0025445292620864812,0.007653061224489796,0.013888888888888888,0.00625,imd_band
50-60%,0.9973045822102425,0.0026954177897574594,0.002702702702702703,0.0,0.003215434083601286,imd_band
60-70%,0.9938271604938271,0.006172839506172867,0.003105590062111801,0.0,0.003875968992248062,imd_band
70-80%,0.9947916666666666,0.00520833333333337,0.005235602094240838,0.02857142857142857,0.0,imd_band
80-90%,0.9971181556195965,0.0028818443804035088,0.002890173410404624,0.0196078431372549,0.0,imd_band
90-100%,1.0,0.0,0.0058823529411764705,0.038461538461538464,0.0,imd_band
?,0.9859154929577465,0.014084507042253502,0.007142857142857143,0.05,0.0,imd_band
