coverage,abstention_rate,selective_accuracy,selective_precision,selective_recall,selective_f1,selective_fpr,risk_probability_mean,number_automatically_handled,number_routed_to_human_review,confidence_threshold,model,calibration_method
1.0,0.0,0.8121010977789125,0.0,0.0,0.0,0.0,0.167309025987531,3917,0,0.5,xgb,sigmoid
1.0,0.0,0.8121010977789125,0.0,0.0,0.0,0.0,0.167309025987531,3917,0,0.51,xgb,sigmoid
1.0,0.0,0.8121010977789125,0.0,0.0,0.0,0.0,0.167309025987531,3917,0,0.52,xgb,sigmoid
1.0,0.0,0.8121010977789125,0.0,0.0,0.0,0.0,0.167309025987531,3917,0,0.53,xgb,sigmoid
1.0,0.0,0.8121010977789125,0.0,0.0,0.0,0.0,0.167309025987531,3917,0,0.54,xgb,sigmoid
1.0,0.0,0.8121010977789125,0.0,0.0,0.0,0.0,0.167309025987531,3917,0,0.55,xgb,sigmoid
1.0,0.0,0.8121010977789125,0.0,0.0,0.0,0.0,0.167309025987531,3917,0,0.56,xgb,sigmoid
1.0,0.0,0.8121010977789125,0.0,0.0,0.0,0.0,0.167309025987531,3917,0,0.5700000000000001,xgb,sigmoid
1.0,0.0,0.8121010977789125,0.0,0.0,0.0,0.0,0.167309025987531,3917,0,0.5800000000000001,xgb,sigmoid
1.0,0.0,0.8121010977789125,0.0,0.0,0.0,0.0,0.167309025987531,3917,0,0.5900000000000001,xgb,sigmoid
1.0,0.0,0.8121010977789125,0.0,0.0,0.0,0.0,0.167309025987531,3917,0,0.6000000000000001,xgb,sigmoid
1.0,0.0,0.8121010977789125,0.0,0.0,0.0,0.0,0.167309025987531,3917,0,0.6100000000000001,xgb,sigmoid
1.0,0.0,0.8121010977789125,0.0,0.0,0.0,0.0,0.167309025987531,3917,0,0.6200000000000001,xgb,sigmoid
1.0,0.0,0.8121010977789125,0.0,0.0,0.0,0.0,0.167309025987531,3917,0,0.6300000000000001,xgb,sigmoid
1.0,0.0,0.8121010977789125,0.0,0.0,0.0,0.0,0.167309025987531,3917,0,0.6400000000000001,xgb,sigmoid
1.0,0.0,0.8121010977789125,0.0,0.0,0.0,0.0,0.167309025987531,3917,0,0.6500000000000001,xgb,sigmoid
1.0,0.0,0.8121010977789125,0.0,0.0,0.0,0.0,0.167309025987531,3917,0,0.6600000000000001,xgb,sigmoid
1.0,0.0,0.8121010977789125,0.0,0.0,0.0,0.0,0.167309025987531,3917,0,0.6700000000000002,xgb,sigmoid
1.0,0.0,0.8121010977789125,0.0,0.0,0.0,0.0,0.167309025987531,3917,0,0.6800000000000002,xgb,sigmoid
1.0,0.0,0.8121010977789125,0.0,0.0,0.0,0.0,0.167309025987531,3917,0,0.6900000000000002,xgb,sigmoid
1.0,0.0,0.8121010977789125,0.0,0.0,0.0,0.0,0.167309025987531,3917,0,0.7000000000000002,xgb,sigmoid
1.0,0.0,0.8121010977789125,0.0,0.0,0.0,0.0,0.167309025987531,3917,0,0.7100000000000002,xgb,sigmoid
1.0,0.0,0.8121010977789125,0.0,0.0,0.0,0.0,0.167309025987531,3917,0,0.7200000000000002,xgb,sigmoid
1.0,0.0,0.8121010977789125,0.0,0.0,0.0,0.0,0.167309025987531,3917,0,0.7300000000000002,xgb,sigmoid
1.0,0.0,0.8121010977789125,0.0,0.0,0.0,0.0,0.167309025987531,3917,0,0.7400000000000002,xgb,sigmoid
1.0,0.0,0.8121010977789125,0.0,0.0,0.0,0.0,0.167309025987531,3917,0,0.7500000000000002,xgb,sigmoid
1.0,0.0,0.8121010977789125,0.0,0.0,0.0,0.0,0.167309025987531,3917,0,0.7600000000000002,xgb,sigmoid
0.9977023232065356,0.002297676793464376,0.8119242579324463,0.0,0.0,0.0,0.0,0.16716179792850278,3908,9,0.7700000000000002,xgb,sigmoid
0.9782997191728363,0.021700280827163687,0.8092379958246346,0.0,0.0,0.0,0.0,0.16601980628178073,3832,85,0.7800000000000002,xgb,sigmoid
0.9624712790400817,0.03752872095991833,0.8076923076923077,0.0,0.0,0.0,0.0,0.165205498802728,3770,147,0.7900000000000003,xgb,sigmoid
0.9297932090885882,0.0702067909114118,0.8086216364634816,0.0,0.0,0.0,0.0,0.16386028529212365,3642,275,0.8000000000000003,xgb,sigmoid
0.8820525912688282,0.11794740873117182,0.8104196816208393,0.0,0.0,0.0,0.0,0.16215821294195007,3455,462,0.8100000000000003,xgb,sigmoid
0.8437579780444218,0.15624202195557824,0.811195158850227,0.0,0.0,0.0,0.0,0.1611209661527712,3305,612,0.8200000000000003,xgb,sigmoid
0.5731427112586163,0.42685728874138373,0.7728285077951003,0.0,0.0,0.0,0.0,0.15498116580850543,2245,1672,0.8300000000000003,xgb,sigmoid
0.33061016083737554,0.6693898391626245,0.7482625482625482,0.0,0.0,0.0,0.0,0.14720071088358372,1295,2622,0.8400000000000003,xgb,sigmoid
0.19453663517998468,0.8054633648200153,0.7112860892388452,0.0,0.0,0.0,0.0,0.14192848897258972,762,3155,0.8500000000000003,xgb,sigmoid
0.061271381159050294,0.9387286188409497,0.5541666666666667,0.0,0.0,0.0,0.0,0.1334103484275508,240,3677,0.8600000000000003,xgb,sigmoid
0.014551953025274445,0.9854480469747255,0.49122807017543857,0.0,0.0,0.0,0.0,0.12601100079691152,57,3860,0.8700000000000003,xgb,sigmoid
0.0005105948429920858,0.9994894051570079,0.5,0.0,0.0,0.0,0.0,0.11890352792213468,2,3915,0.8800000000000003,xgb,sigmoid
0.0,1.0,,,,,,,0,3917,0.8900000000000003,xgb,sigmoid
0.0,1.0,,,,,,,0,3917,0.9000000000000004,xgb,sigmoid
0.0,1.0,,,,,,,0,3917,0.9100000000000004,xgb,sigmoid
0.0,1.0,,,,,,,0,3917,0.9200000000000004,xgb,sigmoid
0.0,1.0,,,,,,,0,3917,0.9300000000000004,xgb,sigmoid
0.0,1.0,,,,,,,0,3917,0.9400000000000004,xgb,sigmoid
0.0,1.0,,,,,,,0,3917,0.9500000000000004,xgb,sigmoid
0.0,1.0,,,,,,,0,3917,0.9600000000000004,xgb,sigmoid
0.0,1.0,,,,,,,0,3917,0.9700000000000004,xgb,sigmoid
0.0,1.0,,,,,,,0,3917,0.9800000000000004,xgb,sigmoid
0.0,1.0,,,,,,,0,3917,0.9900000000000004,xgb,sigmoid
1.0,0.0,0.8131222874648966,1.0,0.005434782608695652,0.010810810810810811,0.0,0.16796159977654462,3917,0,0.5,xgb,isotonic
1.0,0.0,0.8131222874648966,1.0,0.005434782608695652,0.010810810810810811,0.0,0.16796159977654462,3917,0,0.51,xgb,isotonic
1.0,0.0,0.8131222874648966,1.0,0.005434782608695652,0.010810810810810811,0.0,0.16796159977654462,3917,0,0.52,xgb,isotonic
0.9994894051570079,0.0005105948429920959,0.8130268199233717,1.0,0.004081632653061225,0.008130081300813009,0.0,0.16779157803549716,3915,2,0.53,xgb,isotonic
0.9989788103140158,0.0010211896859841918,0.8131868131868132,1.0,0.004087193460490463,0.008141112618724558,0.0,0.16763883348192124,3913,4,0.54,xgb,isotonic
0.9989788103140158,0.0010211896859841918,0.8131868131868132,1.0,0.004087193460490463,0.008141112618724558,0.0,0.16763883348192124,3913,4,0.55,xgb,isotonic
0.9987235128925198,0.0012764871074801842,0.8133946830265849,1.0,0.004092769440654843,0.008152173913043478,0.0,0.16756807043884192,3912,5,0.56,xgb,isotonic
0.9987235128925198,0.0012764871074801842,0.8133946830265849,1.0,0.004092769440654843,0.008152173913043478,0.0,0.16756807043884192,3912,5,0.5700000000000001,xgb,isotonic
0.9987235128925198,0.0012764871074801842,0.8133946830265849,1.0,0.004092769440654843,0.008152173913043478,0.0,0.16756807043884192,3912,5,0.5800000000000001,xgb,isotonic
0.9979576206280316,0.0020423793719683836,0.8132514709644411,0.0,0.0,0.0,0.0,0.16724509088571254,3909,8,0.5900000000000001,xgb,isotonic
0.9943834567270871,0.005616543272912944,0.814377406931964,0.0,0.0,0.0,0.0,0.16639952646563635,3895,22,0.6000000000000001,xgb,isotonic
0.993617564462599,0.006382435537401032,0.8144912641315519,0.0,0.0,0.0,0.0,0.1662224379417181,3892,25,0.6100000000000001,xgb,isotonic
0.9923410773551187,0.0076589226448813275,0.8150244404425007,0.0,0.0,0.0,0.0,0.16594309701747448,3887,30,0.6200000000000001,xgb,isotonic
0.9910645902476385,0.008935409752361512,0.8155589902112313,0.0,0.0,0.0,0.0,0.1656753864275826,3882,35,0.6300000000000001,xgb,isotonic
0.9890222108756701,0.010977789124329895,0.8156943727413526,0.0,0.0,0.0,0.0,0.16526576732343018,3874,43,0.6400000000000001,xgb,isotonic
0.9872351289251978,0.012764871074802175,0.8171709335402121,0.0,0.0,0.0,0.0,0.16492154713898785,3867,50,0.6500000000000001,xgb,isotonic
0.9857033443962216,0.014296655603778352,0.8174048174048174,0.0,0.0,0.0,0.0,0.1646451192177114,3861,56,0.6600000000000001,xgb,isotonic
0.9767679346438601,0.023232065356139864,0.8204391008886566,0.0,0.0,0.0,0.0,0.16310464247452147,3826,91,0.6700000000000002,xgb,isotonic
0.9747255552718918,0.025274444728108247,0.821110529072813,0.0,0.0,0.0,0.0,0.16276374208255956,3818,99,0.6800000000000002,xgb,isotonic
0.9716619862139393,0.028338013786060712,0.8218602207041513,0.0,0.0,0.0,0.0,0.16229051454773313,3806,111,0.6900000000000002,xgb,isotonic
0.9673219300485065,0.03267806995149347,0.8234362628661916,0.0,0.0,0.0,0.0,0.16164970005916243,3789,128,0.7000000000000002,xgb,isotonic
0.9634924687260659,0.036507531273934135,0.825649178590355,0.0,0.0,0.0,0.0,0.16111658546991178,3774,143,0.7100000000000002,xgb,isotonic
0.9545570589737044,0.04544294102629565,0.829366140679326,0.0,0.0,0.0,0.0,0.15995652904568625,3739,178,0.7200000000000002,xgb,isotonic
0.952004084758744,0.047995915241256015,0.8299812282113167,0.0,0.0,0.0,0.0,0.15964545763793764,3729,188,0.7300000000000002,xgb,isotonic
0.946387541485831,0.05361245851416896,0.8314000539519827,0.0,0.0,0.0,0.0,0.15902965650234258,3707,210,0.7400000000000002,xgb,isotonic
0.9438345672708706,0.05616543272912944,0.8322964565864214,0.0,0.0,0.0,0.0,0.15876774454513531,3697,220,0.7500000000000002,xgb,isotonic
0.9394945111054378,0.0605054888945622,0.8334239130434783,0.0,0.0,0.0,0.0,0.1583746756275397,3680,237,0.7600000000000002,xgb,isotonic
0.9338779678325249,0.06612203216747514,0.8348824494259158,0.0,0.0,0.0,0.0,0.1579155676553923,3658,259,0.7700000000000002,xgb,isotonic
0.9300485065100842,0.0699514934899158,0.8358495745264891,0.0,0.0,0.0,0.0,0.15763942760090957,3643,274,0.7800000000000002,xgb,isotonic
0.9211130967577228,0.0788869032422772,0.8384146341463414,0.0,0.0,0.0,0.0,0.15709003619573483,3608,309,0.7900000000000003,xgb,isotonic
0.8846055654837887,0.11539443451621134,0.8432900432900433,0.0,0.0,0.0,0.0,0.15520256060340898,3465,452,0.8000000000000003,xgb,isotonic
0.8366096502425325,0.16339034975746747,0.8428440646933171,0.0,0.0,0.0,0.0,0.15302110033048397,3277,640,0.8100000000000003,xgb,isotonic
0.7904008169517488,0.2095991830482512,0.8475452196382429,0.0,0.0,0.0,0.0,0.151275463829338,3096,821,0.8200000000000003,xgb,isotonic
0.7717641051825377,0.22823589481746231,0.8481640754217664,0.0,0.0,0.0,0.0,0.15070362911112,3023,894,0.8300000000000003,xgb,isotonic
0.7411284146030125,0.2588715853969875,0.8515328970031002,0.0,0.0,0.0,0.0,0.1501478800200737,2903,1014,0.8400000000000003,xgb,isotonic
0.2177687005361246,0.7822312994638754,0.8944900351699883,0.0,0.0,0.0,0.0,0.1421913105497685,853,3064,0.8500000000000003,xgb,isotonic
0.027061526678580545,0.9729384733214195,0.9150943396226415,0.0,0.0,0.0,0.0,0.12911761986214737,106,3811,0.8600000000000003,xgb,isotonic
0.007403625223385244,0.9925963747766148,0.9310344827586207,0.0,0.0,0.0,0.0,0.11754976404702354,29,3888,0.8700000000000003,xgb,isotonic
0.0051059484299208575,0.9948940515700792,0.95,0.0,0.0,0.0,0.0,0.11383104430977256,20,3897,0.8800000000000003,xgb,isotonic
0.0007658922644881287,0.9992341077355119,1.0,0.0,0.0,0.0,0.0,0.10107094856599967,3,3914,0.8900000000000003,xgb,isotonic
0.0002552974214960429,0.999744702578504,1.0,0.0,0.0,0.0,0.0,0.09409169554710388,1,3916,0.9000000000000004,xgb,isotonic
0.0,1.0,,,,,,,0,3917,0.9100000000000004,xgb,isotonic
0.0,1.0,,,,,,,0,3917,0.9200000000000004,xgb,isotonic
0.0,1.0,,,,,,,0,3917,0.9300000000000004,xgb,isotonic
0.0,1.0,,,,,,,0,3917,0.9400000000000004,xgb,isotonic
0.0,1.0,,,,,,,0,3917,0.9500000000000004,xgb,isotonic
0.0,1.0,,,,,,,0,3917,0.9600000000000004,xgb,isotonic
0.0,1.0,,,,,,,0,3917,0.9700000000000004,xgb,isotonic
0.0,1.0,,,,,,,0,3917,0.9800000000000004,xgb,isotonic
0.0,1.0,,,,,,,0,3917,0.9900000000000004,xgb,isotonic
1.0,0.0,0.8121010977789125,0.0,0.0,0.0,0.0,0.14064346699563615,3917,0,0.5,lr,sigmoid
1.0,0.0,0.8121010977789125,0.0,0.0,0.0,0.0,0.14064346699563615,3917,0,0.51,lr,sigmoid
1.0,0.0,0.8121010977789125,0.0,0.0,0.0,0.0,0.14064346699563615,3917,0,0.52,lr,sigmoid
1.0,0.0,0.8121010977789125,0.0,0.0,0.0,0.0,0.14064346699563615,3917,0,0.53,lr,sigmoid
1.0,0.0,0.8121010977789125,0.0,0.0,0.0,0.0,0.14064346699563615,3917,0,0.54,lr,sigmoid
1.0,0.0,0.8121010977789125,0.0,0.0,0.0,0.0,0.14064346699563615,3917,0,0.55,lr,sigmoid
1.0,0.0,0.8121010977789125,0.0,0.0,0.0,0.0,0.14064346699563615,3917,0,0.56,lr,sigmoid
1.0,0.0,0.8121010977789125,0.0,0.0,0.0,0.0,0.14064346699563615,3917,0,0.5700000000000001,lr,sigmoid
1.0,0.0,0.8121010977789125,0.0,0.0,0.0,0.0,0.14064346699563615,3917,0,0.5800000000000001,lr,sigmoid
1.0,0.0,0.8121010977789125,0.0,0.0,0.0,0.0,0.14064346699563615,3917,0,0.5900000000000001,lr,sigmoid
1.0,0.0,0.8121010977789125,0.0,0.0,0.0,0.0,0.14064346699563615,3917,0,0.6000000000000001,lr,sigmoid
1.0,0.0,0.8121010977789125,0.0,0.0,0.0,0.0,0.14064346699563615,3917,0,0.6100000000000001,lr,sigmoid
1.0,0.0,0.8121010977789125,0.0,0.0,0.0,0.0,0.14064346699563615,3917,0,0.6200000000000001,lr,sigmoid
1.0,0.0,0.8121010977789125,0.0,0.0,0.0,0.0,0.14064346699563615,3917,0,0.6300000000000001,lr,sigmoid
1.0,0.0,0.8121010977789125,0.0,0.0,0.0,0.0,0.14064346699563615,3917,0,0.6400000000000001,lr,sigmoid
1.0,0.0,0.8121010977789125,0.0,0.0,0.0,0.0,0.14064346699563615,3917,0,0.6500000000000001,lr,sigmoid
0.999744702578504,0.00025529742149599244,0.8123084780388151,0.0,0.0,0.0,0.0,0.1405900323095686,3916,1,0.6600000000000001,lr,sigmoid
0.9994894051570079,0.0005105948429920959,0.8125159642401022,0.0,0.0,0.0,0.0,0.1405410289334696,3915,2,0.6700000000000002,lr,sigmoid
0.9994894051570079,0.0005105948429920959,0.8125159642401022,0.0,0.0,0.0,0.0,0.1405410289334696,3915,2,0.6800000000000002,lr,sigmoid
0.9994894051570079,0.0005105948429920959,0.8125159642401022,0.0,0.0,0.0,0.0,0.1405410289334696,3915,2,0.6900000000000002,lr,sigmoid
0.9979576206280316,0.0020423793719683836,0.813763110770018,0.0,0.0,0.0,0.0,0.1402861273244592,3909,8,0.7000000000000002,lr,sigmoid
0.994638754148583,0.005361245851416951,0.8149383983572895,0.0,0.0,0.0,0.0,0.1397685788961435,3896,21,0.7100000000000002,lr,sigmoid
0.9915751850906306,0.008424814909369416,0.8164263645726055,0.0,0.0,0.0,0.0,0.13932057273652965,3884,33,0.7200000000000002,lr,sigmoid
0.9897881031401583,0.010211896859841696,0.8168687129223626,0.0,0.0,0.0,0.0,0.13907874613003263,3877,40,0.7300000000000002,lr,sigmoid
0.9869798315037018,0.013020168496298168,0.817899637868598,0.0,0.0,0.0,0.0,0.13872022441958218,3866,51,0.7400000000000002,lr,sigmoid
0.9823844779167731,0.01761552208322692,0.818087318087318,0.0,0.0,0.0,0.0,0.1381764201071737,3848,69,0.7500000000000002,lr,sigmoid
0.9777891243298442,0.022210875670155783,0.8206266318537859,0.0,0.0,0.0,0.0,0.13767835192942185,3830,87,0.7600000000000002,lr,sigmoid
0.9747255552718918,0.025274444728108247,0.821896280775275,0.0,0.0,0.0,0.0,0.13736915393710392,3818,99,0.7700000000000002,lr,sigmoid
0.970130201684963,0.029869798315037,0.8236842105263158,0.0,0.0,0.0,0.0,0.13695049414543578,3800,117,0.7800000000000002,lr,sigmoid
0.9637477661475619,0.03625223385243814,0.8241059602649007,0.0,0.0,0.0,0.0,0.13643361464302348,3775,142,0.7900000000000003,lr,sigmoid
0.9576206280316569,0.04237937196834307,0.8243135163956279,0.0,0.0,0.0,0.0,0.13599276456110046,3751,166,0.8000000000000003,lr,sigmoid
0.940260403369926,0.059739596630074,0.8284007602497964,0.0,0.0,0.0,0.0,0.13491231693611502,3683,234,0.8100000000000003,lr,sigmoid
0.9134541741128415,0.08654582588715853,0.8367803242034656,0.0,0.0,0.0,0.0,0.13344820413337358,3578,339,0.8200000000000003,lr,sigmoid
0.8820525912688282,0.11794740873117182,0.8439942112879885,0.0,0.0,0.0,0.0,0.13196146020524183,3455,462,0.8300000000000003,lr,sigmoid
0.8320142966556038,0.16798570334439622,0.8527155569193003,0.0,0.0,0.0,0.0,0.13001631587928542,3259,658,0.8400000000000003,lr,sigmoid
0.7551697727852948,0.24483022721470515,0.8573360378634213,0.0,0.0,0.0,0.0,0.12753324274327876,2958,959,0.8500000000000003,lr,sigmoid
0.6816441153944345,0.3183558846055655,0.8636704119850187,0.0,0.0,0.0,0.0,0.12562364970214782,2670,1247,0.8600000000000003,lr,sigmoid
0.5008935409752362,0.4991064590247638,0.882262996941896,0.0,0.0,0.0,0.0,0.12272475161711785,1962,1955,0.8700000000000003,lr,sigmoid
0.148838396732193,0.851161603267807,0.9005145797598628,0.0,0.0,0.0,0.0,0.11829836099946804,583,3334,0.8800000000000003,lr,sigmoid
0.0,1.0,,,,,,,0,3917,0.8900000000000003,lr,sigmoid
0.0,1.0,,,,,,,0,3917,0.9000000000000004,lr,sigmoid
0.0,1.0,,,,,,,0,3917,0.9100000000000004,lr,sigmoid
0.0,1.0,,,,,,,0,3917,0.9200000000000004,lr,sigmoid
0.0,1.0,,,,,,,0,3917,0.9300000000000004,lr,sigmoid
0.0,1.0,,,,,,,0,3917,0.9400000000000004,lr,sigmoid
0.0,1.0,,,,,,,0,3917,0.9500000000000004,lr,sigmoid
0.0,1.0,,,,,,,0,3917,0.9600000000000004,lr,sigmoid
0.0,1.0,,,,,,,0,3917,0.9700000000000004,lr,sigmoid
0.0,1.0,,,,,,,0,3917,0.9800000000000004,lr,sigmoid
0.0,1.0,,,,,,,0,3917,0.9900000000000004,lr,sigmoid
1.0,0.0,0.8146540719938729,0.6923076923076923,0.024456521739130436,0.047244094488188976,0.002514932411191449,0.1647888314674696,3917,0,0.5,lr,isotonic
0.9959152412560633,0.004084758743936656,0.8164573186362472,0.6923076923076923,0.024793388429752067,0.047872340425531915,0.0025196850393700786,0.16343694527064442,3901,16,0.51,lr,isotonic
0.9951493489915751,0.0048506510084248555,0.8165726013340174,0.6956521739130435,0.022099447513812154,0.0428380187416332,0.002205419029615627,0.1631662443205853,3898,19,0.52,lr,isotonic
0.9885116160326781,0.01148838396732188,0.8192148760330579,0.7894736842105263,0.02109704641350211,0.0410958904109589,0.0012654223347042075,0.16103483065327362,3872,45,0.53,lr,isotonic
0.9849374521317334,0.015062547868266551,0.8198548470710213,0.9166666666666666,0.015602836879432624,0.030683403068340307,0.0003171582619727244,0.1598047909528717,3858,59,0.54,lr,isotonic
0.9795762062803166,0.020423793719683392,0.82121449048736,1.0,0.012949640287769784,0.02556818181818182,0.0,0.15811637608372314,3837,80,0.55,lr,isotonic
0.976257339800868,0.02374266019913196,0.821652719665272,1.0,0.00727802037845706,0.014450867052023121,0.0,0.15703415814301197,3824,93,0.56,lr,isotonic
0.9731937707429155,0.026806229257084535,0.8224029380902413,1.0,0.005873715124816446,0.01167883211678832,0.0,0.15612379892926376,3812,105,0.5700000000000001,lr,isotonic
0.9680878223129946,0.03191217768700538,0.823048523206751,1.0,0.0029717682020802376,0.005925925925925926,0.0,0.15462391680887194,3792,125,0.5800000000000001,lr,isotonic
0.9665560377840183,0.03344396221598167,0.8240887480190174,1.0,0.0029940119760479044,0.005970149253731343,0.0,0.15421248428771395,3786,131,0.5900000000000001,lr,isotonic
0.964003063569058,0.03599693643094204,0.8254766949152542,1.0,0.0015151515151515152,0.0030257186081694403,0.0,0.15349842557382656,3776,141,0.6000000000000001,lr,isotonic
0.9604288996681134,0.0395711003318866,0.8269537480063796,1.0,0.0015337423312883436,0.0030627871362940277,0.0,0.15259875158175737,3762,155,0.6100000000000001,lr,isotonic
0.9568547357671687,0.04314526423283127,0.8284418356456777,1.0,0.0015527950310559005,0.0031007751937984496,0.0,0.1517347842827272,3748,169,0.6200000000000001,lr,isotonic
0.9555782486596885,0.044421751340311455,0.8292813251402619,1.0,0.0015625,0.0031201248049922,0.0,0.1514380255558141,3743,174,0.6300000000000001,lr,isotonic
0.9527699770232321,0.04723002297676793,0.8303858520900321,1.0,0.0015772870662460567,0.0031496062992125984,0.0,0.15080375448648373,3732,185,0.6400000000000001,lr,isotonic
0.952004084758744,0.047995915241256015,0.830249396621078,1.0,0.0015772870662460567,0.0031496062992125984,0.0,0.15063855098159173,3729,188,0.6500000000000001,lr,isotonic
0.9491958131222875,0.05080418687771249,0.8308230231307154,1.0,0.0015873015873015873,0.003169572107765452,0.0,0.15006494332215803,3718,199,0.6600000000000001,lr,isotonic
0.946898136328823,0.053101863671176974,0.8317605823672148,1.0,0.0016,0.003194888178913738,0.0,0.1496173019602956,3709,208,0.6700000000000002,lr,isotonic
0.9410262956344141,0.05897370436558591,0.8334237655995659,0.0,0.0,0.0,0.0,0.14842744384538223,3686,231,0.6800000000000002,lr,isotonic
0.9387286188409497,0.06127138115905029,0.8343758498776176,0.0,0.0,0.0,0.0,0.14801706750174737,3677,240,0.6900000000000002,lr,isotonic
0.9377074291549655,0.06229257084503448,0.8341954805336237,0.0,0.0,0.0,0.0,0.14784449646218287,3673,244,0.7000000000000002,lr,isotonic
0.9336226704110289,0.06637732958897113,0.8362045392398141,0.0,0.0,0.0,0.0,0.1472023763068234,3657,260,0.7100000000000002,lr,isotonic
0.9305591013530763,0.06944089864692371,0.837037037037037,0.0,0.0,0.0,0.0,0.14674319074927772,3645,272,0.7200000000000002,lr,isotonic
0.9244319632371713,0.07556803676282875,0.8373377520022093,0.0,0.0,0.0,0.0,0.14589645948406477,3621,296,0.7300000000000002,lr,isotonic
0.9203472044932346,0.0796527955067654,0.8382801664355063,0.0,0.0,0.0,0.0,0.1453709502709828,3605,312,0.7400000000000002,lr,isotonic
0.90451876436048,0.09548123563952005,0.8408128704487722,0.0,0.0,0.0,0.0,0.1434311888843203,3543,374,0.7500000000000002,lr,isotonic
0.8879244319632372,0.11207556803676277,0.8441633122484187,0.0,0.0,0.0,0.0,0.1414917867210426,3478,439,0.7600000000000002,lr,isotonic
0.8761807505744192,0.12381924942558076,0.8467365967365967,0.0,0.0,0.0,0.0,0.1402154406557703,3432,485,0.7700000000000002,lr,isotonic
0.8677559356650498,0.13224406433495017,0.8481906443071492,0.0,0.0,0.0,0.0,0.139392992676353,3399,518,0.7800000000000002,lr,isotonic
0.8600970130201685,0.1399029869798315,0.8509943603443159,0.0,0.0,0.0,0.0,0.13873446603165784,3369,548,0.7900000000000003,lr,isotonic
0.8429920857799337,0.15700791422006632,0.8540278619018776,0.0,0.0,0.0,0.0,0.13732882809607427,3302,615,0.8000000000000003,lr,isotonic
0.8052080673985192,0.19479193260148076,0.8576410906785035,0.0,0.0,0.0,0.0,0.13463016336377912,3154,763,0.8100000000000003,lr,isotonic
0.7850395711003318,0.21496042889966815,0.8611382113821138,0.0,0.0,0.0,0.0,0.13327560993405727,3075,842,0.8200000000000003,lr,isotonic
0.7671687515956089,0.23283124840439107,0.8618968386023295,0.0,0.0,0.0,0.0,0.13231679611543248,3005,912,0.8300000000000003,lr,isotonic
0.7355118713300995,0.26448812866990046,0.8639361332870531,0.0,0.0,0.0,0.0,0.13093336999458516,2881,1036,0.8400000000000003,lr,isotonic
0.5458258871585397,0.45417411284146025,0.8793264733395697,0.0,0.0,0.0,0.0,0.12187562647894852,2138,1779,0.8500000000000003,lr,isotonic
0.5003829461322441,0.4996170538677559,0.8857142857142857,0.0,0.0,0.0,0.0,0.11987137527837552,1960,1957,0.8600000000000003,lr,isotonic
0.4015828440132755,0.5984171559867245,0.8951048951048951,0.0,0.0,0.0,0.0,0.1154074425454604,1573,2344,0.8700000000000003,lr,isotonic
0.2279805973959663,0.7720194026040337,0.9025755879059351,0.0,0.0,0.0,0.0,0.10669636652582436,893,3024,0.8800000000000003,lr,isotonic
0.16211386264998723,0.8378861373500128,0.8992125984251969,0.0,0.0,0.0,0.0,0.10305403903453979,635,3282,0.8900000000000003,lr,isotonic
0.02221087567015573,0.9777891243298442,0.9195402298850575,0.0,0.0,0.0,0.0,0.08848560895643957,87,3830,0.9000000000000004,lr,isotonic
0.00970130201684963,0.9902986979831504,0.9473684210526315,0.0,0.0,0.0,0.0,0.08118775853258914,38,3879,0.9100000000000004,lr,isotonic
0.0025529742149604288,0.9974470257850395,1.0,0.0,0.0,0.0,0.0,0.0686149905204636,10,3907,0.9200000000000004,lr,isotonic
0.0017870819504723003,0.9982129180495277,1.0,0.0,0.0,0.0,0.0,0.06585263054392763,7,3910,0.9300000000000004,lr,isotonic
0.0,1.0,,,,,,,0,3917,0.9400000000000004,lr,isotonic
0.0,1.0,,,,,,,0,3917,0.9500000000000004,lr,isotonic
0.0,1.0,,,,,,,0,3917,0.9600000000000004,lr,isotonic
0.0,1.0,,,,,,,0,3917,0.9700000000000004,lr,isotonic
0.0,1.0,,,,,,,0,3917,0.9800000000000004,lr,isotonic
0.0,1.0,,,,,,,0,3917,0.9900000000000004,lr,isotonic
